question_code;question;answer
[KE03:044];"
Bewerten Sie folgende Aussage: Ist diese Aussage wahr oder falsch?
""Die zunehmende Entfernung des Nahpunktes mit zunehmendem Alter wird Altersweitsichtigkeit oder Presbyopie genannt.""
Wählen Sie eine Antwort:Diese Aussage ist wahr. 
Diese Aussage ist falsch. 
";  Diese Aussage ist wahr.
[KE03:113];"
Bewerten Sie folgende Aussage: Ist diese Aussage wahr oder falsch?
""Der sogenannte blinde Fleck in unserem Gesichtsfeld ist uns im Alltag nicht bewusst, da der blinde Fleck außerhalb unseres Fokusbereiches liegt.""
Wählen Sie eine Antwort:Diese Aussage ist wahr. 
Diese Aussage ist falsch. 
";  Diese Aussage ist falsch.
[KE03:141];"
Welche der folgenden Aussagen sind richtig?
Wählen Sie eine oder mehrere Antworten:Der ventrale Informationsstrom  wird auch der Wo-Strom genannt. 
Der dorsale Informationsstrom  wird auch der Warum-Strom genannt. 
Der ventrale Informationsstrom  wird auch der Was-Strom genannt. 
Der dorsale Informationsstrom  wird auch der Was-Strom genannt. 
Der dorsale Informationsstrom  wird auch der Wo-Strom genannt. 
Der ventrale Informationsstrom  wird auch der Warum-Strom genannt. 
";  Der dorsale Informationsstrom  wird auch der Wo-Strom genannt., Der ventrale Informationsstrom  wird auch der Was-Strom genannt.
[KE03:087];"
Bewerten Sie folgende Aussage: Ist diese Aussage wahr oder falsch?
""Umgangssprachlich wird die impulsartige Aktivität eines Neurons auch als Geistesblitz bezeichnet.""
Wählen Sie eine Antwort:Diese Aussage ist wahr. 
Diese Aussage ist falsch. 
";  Diese Aussage ist falsch.
[KE03:043];"
Wie wird die geringste Entfernung zum Auge genannt, in der sich ein Objekt befinden darf, damit es noch scharf auf der Netzhaut abgebildet werden kann?
Wählen Sie eine Antwort:Fixpunkt 
Fernpunkt 
Scharfpunkt 
Glückspunkt 
Nahpunkt 
Sehpunkt 
Schiefpunkt 
";  Nahpunkt
[KE03:011];"
Bewerten Sie folgende Aussage: Ist diese Aussage wahr oder falsch?
""Die Stärke eines Aktionspotentials entspricht der Stärke der Erregung eines Neurons.""
Wählen Sie eine Antwort:Diese Aussage ist wahr. 
Diese Aussage ist falsch. 
";  Diese Aussage ist falsch.
[KE03:054];"
Wieviel Prozent der Brechkraft entfallen auf die Linse?
Wählen Sie eine Antwort:10% 
20% 
30% 
40% 
50% 
";  20%
[KE03:070];"
Über welche Größenordnungen erstreckt sich die potentielle Länge von Axonen?
Wählen Sie eine Antwort:1µm bis 1mm 
1mm bis 1m 
1m bis 10m 
1µm bis 10m 
";  1mm bis 1m
[KE03:136];"
Welche der folgenden Aussagen sind richtig?
Wählen Sie eine oder mehrere Antworten:Da die temporalen Sehnervenfasern im Chiasma Opticum die Gehirnseite wechseln, werden Objekte, die sich links in unserem Gesichtsfeld befinden, in der rechten Gehirnhälfte verarbeitet. 
Da die nasalen Sehnervenfasern im CGL die Gehirnseite wechseln, werden Objekte, die sich rechts in unserem Gesichtsfeld befinden, in der linken Gehirnhälfte verarbeitet. 
Da die temporalen Sehnervenfasern im CGL die Gehirnseite wechseln, werden Objekte, die sich links in unserem Gesichtsfeld befinden, in der rechten Gehirnhälfte verarbeitet. 
Da die nasalen Sehnervenfasern im Chiasma Opticum die Gehirnseite wechseln, werden Objekte, die sich links in unserem Gesichtsfeld befinden, in der rechten Gehirnhälfte verarbeitet. 
";  Da die nasalen Sehnervenfasern im Chiasma Opticum die Gehirnseite wechseln, werden Objekte, die sich links in unserem Gesichtsfeld befinden, in der rechten Gehirnhälfte verarbeitet.
[KE03:081];"
Welche der folgenden Eigenschaften neuronaler Netze finden Anwendung bei künstlichen Neuronalen Netzen?
Wählen Sie eine oder mehrere Antworten:Die Inhibition 
Die Regeneration 
Die räumliche Wellenpropagation 
Die Signaltransferrate 
Die Signaltransfergeschwindigkeit 
Die Prohibition 
Die räumliche Informationsorganisation 
Die Konvergenz 
";  Die Konvergenz, Die Inhibition, Die räumliche Informationsorganisation
[KE03:076];"
In welchem Verhältnis steht die Anzahl der Ganglienzellen in etwa zur Anzahl der Rezeptoren?
Wählen Sie eine Antwort:1:1 
1:10 
1:100 
1:1000 
1:10000 
";  1
[KE03:003];"
Was verbirgt sich hinter der Abkürzung SOM?
Wählen Sie eine Antwort:synaptisch organische Mutationen 
systematisch orientierte Karten 
selbstorganisierende Karten 
steuernde oszillierende Membrane 
";  selbstorganisierende Karten
[KE03:069];"
Bewerten Sie folgende Aussage: Ist diese Aussage wahr oder falsch?
""Synapsen sind die Kontaktstellen zwischen Neuronen und somit keine Bestandteile eines Neurons im eigentlichen Sinne.""
Wählen Sie eine Antwort:Diese Aussage ist wahr. 
Diese Aussage ist falsch. 
";  Diese Aussage ist wahr.
[KE03:133];"
Wodurch zeichnen sich die Zellen im inferotemporalen Kortex aus?
Wählen Sie eine oder mehrere Antworten:Sie reagieren auf einen Stimulus in abstrahierender Weise, d.h. losgelöst von dessen Details. 
Sie reagieren eher auf komplexere als auf einfache Stimuli. 
Sie besitzen rezeptive Felder, die kleiner sind als jene in V1. 
Sie reagieren eher auf einfache als auf komplexe Stimuli. 
Sie reagieren auf sehr feine Abweichungen selbst in geringsten Details. 
Sie besitzen rezeptive Felder, die größer sind als jene in V1. 
";  Sie reagieren eher auf komplexere als auf einfache Stimuli., Sie besitzen rezeptive Felder, die größer sind als jene in V1., Sie reagieren auf einen Stimulus in abstrahierender Weise, d.h. losgelöst von dessen Details.
[KE03:085];"
Welche der folgenden Aussagen über Mach'sche Streifen sind korrekt?
Wählen Sie eine oder mehrere Antworten:Mach'sche Streifen können durch Inhibition erklärt werden. 
Mach'sche Streifen führen zu objektiver Kontrastverstärkung. 
Mach'sche Streifen entstehen bei starken Helligkeitsübergängen. 
Mach'sche Streifen machen bei disziplinierter Anwendung schlank. 
Mach'sche Streifen sind ein schneller Polizeidienst. 
Mach'sche Streifen führen zu subjektiver Kontrastverstärkung. 
Mach'sche Streifen sind ein visueller Effekt. 
";  Mach'sche Streifen können durch Inhibition erklärt werden., Mach'sche Streifen sind ein visueller Effekt., Mach'sche Streifen entstehen bei starken Helligkeitsübergängen., Mach'sche Streifen führen zu subjektiver Kontrastverstärkung.
[KE03:033];"
Welche der folgenden Aussagen über die Retina sind korrekt?
Wählen Sie eine oder mehrere Antworten:Die Retina enthält Sehpigmente. 
Die Retina enthält lichtempfindliche Rezeptoren. 
Die Retina hemmt den Sehnerv. 
Die Retina fokussiert Licht auf die Fovea. 
Die Retina besitzt einen gelben Fleck. 
Die Retina enthält Tännchen und Zapfen. 
";  Die Retina enthält lichtempfindliche Rezeptoren., Die Retina enthält Sehpigmente., Die Retina besitzt einen gelben Fleck.
[KE03:123];"
Womit wird die spektrale Empfindlichkeit der Zapfen ermittelt?
Wählen Sie eine Antwort:mit einem spektralen Sensorimeter 
mittels monochromatischer Lichtblitze 
mit einem Spektroskop 
mittels multichromatischer Lichtblitze 
mittels weißer Lichtblitze 
";  mittels monochromatischer Lichtblitze
[KE03:122];"
Welche Prinzipien natürlicher neuronalen Netze finden sich auch bei ihrem künstlichen Verwandten, dem wachsenden neuronalen Gas von Bernd Fritzke?
Wählen Sie eine oder mehrere Antworten:Populationskodierung 
Selbstorganisation 
Plastizität 
stochastische Verarbeitung 
";  Plastizität, Selbstorganisation
[KE03:130];"
Die Empfindlichkeit beim Zapfensehen ist nicht konstant, sondern abhängig von der betrachteten Farbe unterschiedlich stark gewichtet. Ordnen Sie den 5 unten aufgeführten Farben folgende Empfindlichkeiten zu:

ca. 0,1   =   geringe Empfindlichkeit
ca. 0,5   =   mittlere Empfindlichkeit
ca. 1,0   =   hohe Empfindlichkeit


Wählen Sie eine oder mehrere Antworten:1) Blau:   ca. 0,1 
1) Blau:   ca. 0,5 
1) Blau:   ca. 1,0
  
2) Grün:   ca. 0,1 
2) Grün:   ca. 0,5 
2) Grün:   ca. 1,0
  
3) Gelb-grün:   ca. 0,1 
3) Gelb-grün:   ca. 0,5 
3) Gelb-grün:   ca. 1,0
  
4) Rot-orange:   ca. 0,1 
4) Rot-orange:   ca. 0,5 
4) Rot-orange:   ca. 1,0
  
5) Rot:   ca. 0,1 
5) Rot:   ca. 0,5 
5) Rot:   ca. 1,0 
";  1) Blau
[KE03:034];"
Welche Aussagen treffen auf den sogenannten Blinden Fleck zu?
Wählen Sie eine oder mehrere Antworten:Der blinde Fleck ist nichtexistent. 
Der blinde Fleck ist eine Trübung der Linse. 
Am blinden Fleck gibt es keine Stäbchen. 
Am blinden Fleck tritt der Sehnerv aus dem Auge heraus. 
Der blinde Fleck ist ein psychologischer Schutzmechanismus. 
";  Am blinden Fleck gibt es keine Stäbchen., Am blinden Fleck tritt der Sehnerv aus dem Auge heraus.
[KE03:095];"
Welche der folgenden Aussagen treffen (üblicherweise) zu, wenn das Membranpotential eines Axons -70mV beträgt?
Wählen Sie eine oder mehrere Antworten:Das Axon ist depolarisiert. 
Das Axon ist repolarisiert. 
Das Axon befindet sich am Maximum eines Aktionspotentials. 
Das Axon hat sein Ruhemembranpotential erreicht. 
Das Axon befindet sich im Ruhezustand. 
Das Axon hat das Schwellenpotential überschritten. 
";  Das Axon befindet sich im Ruhezustand., Das Axon hat sein Ruhemembranpotential erreicht., Das Axon ist repolarisiert.
[KE03:090];"
Wie wird die elektrische Spannung zwischen dem Inneren und dem Äußeren einer Nervenzelle bezeichnet und welche Größenordnung hat diese Spannung?
Wählen Sie eine oder mehrere Antworten:Schwellenpotential 
Barrierenspannung 
Millivolt 
Zellstrom 
Membranpotential 
Microvolt 
Nanovolt 
";  Millivolt, Membranpotential
[KE03:002];"
Wie nennt man den Bereich der Retina, auf den eine Ganglienzelle reagiert?
Wählen Sie eine Antwort:rezeptives Feld 
dekodiertes Feld 
dediziertes Feld 
rezipientes Feld 
reziprokes Feld 
";  rezeptives Feld
[KE03:109];"
Ab welcher Winkelabweichung des präsentierten Stimulus zum optimalen Stimulus fällt die Reaktion einer einfachen Zelle bereits deutlich ab?
Wählen Sie eine Antwort:ab 5 Grad 
ab 20 Grad 
ab 40 Grad 
ab 60 Grad 
ab 80 Grad 
";  ab 20 Grad
[KE03:060];"
Wie viele Stäbchen sind etwa in der Netzhaut vorhanden?
Wählen Sie eine Antwort:120 Millionen 
200 Millionen 
360 Millionen 
480 Millionen 
";  120 Millionen
[KE03:144];"
Das Hebb'sche Lernprinzip beschreibt und erklärt einen Zusammenhang zwischen Neuronen untereinander. Dabei geht man von der Situation aus, dass zwei Neuronen nahe genug zusammen liegen und dass das eine Neuron (""Empfänger"") wiederholt oder anhaltend vom anderen Neuron (""Sender"") erregt wird.
Dann besagt das Hebb'sche Lernprizip, dass...
Wählen Sie eine oder mehrere Antworten:eine Synapsenvergrößerung beim empfangenden Neuron eintreten wird. 
eine Synapsenvergrößerung beim sendenden Neuron eintreten kann. 
eine Synapsenvergrößerung beim sendenden Neuron eintreten wird. 
eine Synapsenvergrößerung beim empfangenden Neuron eintreten kann. 
das sendende Neuron Informationen an das empfangende Neuron vererbt und so das empfangende Neuron vom sendenden Neuron lernt. 
";  eine Synapsenvergrößerung beim empfangenden Neuron eintreten kann., eine Synapsenvergrößerung beim sendenden Neuron eintreten kann.
[KE03:135];"
Wie nennt man den Bereich des inferotemporalen Kortex des Menschen, in dem sich Neuronen befinden, die selektiv auf Gesichter reagieren?
Wählen Sie eine oder mehrere Antworten:Formiformes Gesichtsareal 
Fusiformes Gesichtsareal 
Fulminantes Gesichtsareal 
Vollfunktionales Gesichtsareal 
Faciformes Gesichtsareal 
";  Fusiformes Gesichtsareal
[KE03:129];"
Drei der folgenden Begriffe beschreiben dasselbe Konzept: dass wir komplexe Formen in unserer Umwelt meistens durch Aktivität kodieren, welche sich über mehrere Zellen erstreckt.
Welches Konzept ist hier gemeint?
Wählen Sie eine oder mehrere Antworten:Populationskodierung 
Kodierung durch Großmutterzellen 
Ensemblekodierung 
verteilte Repräsentation 
kumulative Repräsentation 
konspirative Kodierung 
Netz-Kodierung 
Cliquenkodierung 
";  Ensemblekodierung, verteilte Repräsentation, Populationskodierung
[KE03:137];"
Welche der folgenden Aussagen sind richtig?
Wählen Sie eine oder mehrere Antworten:Da die nasalen Sehnervenfasern im CGL die Gehirnseite wechseln, wird die Information vom linken Auge in der rechten Gehirnhälfte verarbeitet. 
Da die temporalen Sehnervenfasern im Chiasma Opticum die Gehirnseite wechseln, wird die Information vom linken Auge in der rechten Gehirnhälfte verarbeitet. 
Da die nasalen Sehnervenfasern im Chiasma Opticum die Gehirnseite wechseln, werden Objekte, die sich rechts in unserem Gesichtsfeld befinden, in der linken Gehirnhälfte verarbeitet. 
Da die temporalen Sehnervenfasern im CGL die Gehirnseite wechseln, werden Objekte, die sich links in unserem Gesichtsfeld befinden, in der rechten Gehirnhälfte verarbeitet. 
";  Da die nasalen Sehnervenfasern im Chiasma Opticum die Gehirnseite wechseln, werden Objekte, die sich rechts in unserem Gesichtsfeld befinden, in der linken Gehirnhälfte verarbeitet.
[KE03:064];"
Wie wird eine Art der Kontaktstellen zwischen zwei Neuronen genannt?
Wählen Sie eine Antwort:Soma 
Dendriten 
Synapsen 
Axone 
";  Synapsen
[KE03:099];"
Im folgenden Bild umfasse der gestrichelte Kreis ein rezeptives Feld. Der gelbe Punkt sei ein heller Lichtreiz im Zentrum des rezeptiven Feldes. Welche Art von Nervenzelle reagiert auf einen solchen Reiz mit erhöhter Aktivität?

Wählen Sie eine Antwort:Off-Zentrum-On-Umfeld-Zelle 
On-Zentrum-Off-Umfeld-Zelle 
";  On-Zentrum-Off-Umfeld-Zelle
[KE03:118];"
Wie werden die Bereiche der Retina genannt, die nicht zur Fovea gehören?
Wählen Sie eine Antwort:Fovex 
Externale 
Peripherie 
Perpendikular 
Circumstratum 
";  Peripherie
[KE03:049];"
Wie viele verschiedene Arten von Zapfen gibt es im menschlichen Augen?
Wählen Sie eine Antwort:1 
2 
3 
4 
5 
";  3
[KE03:079];"
Wie nennt man das Zusammenführen der Signale mehrerer Neuronen zu wenigen?
Wählen Sie eine Antwort:Konferenz 
Co-Konstanz 
Konsequenz 
Kokostanz 
Konsistenz 
Kontinenz 
Konvergenz 
";  Konvergenz
[KE03:006];"
Woraus besteht das menschliche Gehirn?
Wählen Sie eine Antwort:Aus etwa 160 Milliarden Neuronen 
Aus etwa 16 Milliarden Neuronen 
Aus etwa 1,6 Milliarden Neutronen 
Aus etwa 160 Millionen Neuronen 
Aus etwa 16 Millionen Neuronen 
Aus etwa 1,6 Millionen Neuronen 
Aus durchschnittlich 1,4 kg ""toter Masse"", über die nicht viel bekannt ist. 
";  Aus etwa 160 Milliarden Neuronen
[KE03:116];"
Welche Eigenschaft der eingehenden Signale wird von einer selbstorganisierenden Karte genutzt, um eine niedrig-dimensionale Repräsentation des hochdimensionalen Eingaberaums aufzubauen?
Wählen Sie eine Antwort:Synchronität eingehender Signale 
Intensität eingehender Signale 
Dimensionsdifferenz zwischen eingehenden Signalen 
Asynchronität eingehender Signale 
Nachbarschaftsbeziehungen zwischen eingehenden Signalen 
";  Nachbarschaftsbeziehungen zwischen eingehenden Signalen
[KE03:016];"
Wie nennt man die Säulen, in die der visuelle Kortex aufgeteilt ist?
Wählen Sie eine Antwort:Ausrichtungssäulen 
Fixpunktsäulen 
Orientierungssäulen 
Elektrodensäulen 
";  Orientierungssäulen
[KE03:032];"
Licht, das von einem Gegenstand reflektiert wird, durchläuft verschiedene Stationen und diese in einer bestimmten Reihenfolge.
In welcher Reihenfolge werden die folgenden vier Stationen durchlaufen?
Wählen Sie eine oder mehrere Antworten:Hornhaut, Lupe, Linse, Retina 
Hornhaut, Pupille, Linse, Retina 
Hornhaut, Linse, Pupille, Retina 
Retina, Linse, Pupille, Hornhaut 
";  Hornhaut, Pupille, Linse, Retina
[KE03:131];"
Worin unterscheidet sich die Ermittlung der wellenlängenabhängigen Empfindlichkeit der Stäbchen im Vergleich zu der der Zapfen?
Wählen Sie eine oder mehrere Antworten:Es werden keine Lichtblitze verwendet sondern langsam auf- und abblendendes Licht. 
Es wird nur Licht aus dem infraroten Spektrum verwendet. 
Die Versuchspersonen werden einer möglichst gleichmäßigen Beleuchtung mittlerer Helligkeit ausgesetzt. 
Die Versuchspersonen werden völliger Dunkelheit ausgesetzt. 
Den Versuchspersonen werden die Augen verbunden, so dass nur diffuses Licht wahrgenommen wird. 
Die Lichtblitze werden nicht direkt auf die Fovea projiziert, sondern auf die Cornea. 
Die Lichtblitze werden nicht direkt auf die Fovea projiziert, sondern auf die Peripherie. 
";  Die Versuchspersonen werden völliger Dunkelheit ausgesetzt., Die Lichtblitze werden nicht direkt auf die Fovea projiziert, sondern auf die Peripherie.
[KE03:019];"
Was ist ein Membranpotential?
Wählen Sie eine Antwort:Osmotisches Druckausgleichspotential einer Nervenfaser 
Durchlässigkeit der Membran der Retina 
Durchlässigkeit der Membran einer Synapse 
Elektrische Spannung, die zwischen dem Inneren und dem Äußeren des Axons herrscht. 
";  Elektrische Spannung, die zwischen dem Inneren und dem Äußeren des Axons herrscht.
[KE03:086];"
Bewerten Sie folgende Aussage: Ist diese Aussage wahr oder falsch?
""Umgangssprachlich wird die impulsartige Aktivität eines Neurons auch als feuern bezeichnet.""
Wählen Sie eine Antwort:Diese Aussage ist wahr. 
Diese Aussage ist falsch. 
";  Diese Aussage ist wahr.
[KE03:107];"
Wie werden synaptische Veränderungen in künstlichen neuronalen Netzen simuliert?
Wählen Sie eine Antwort:durch das Löschen von Kanten in einem neuronalen Graphen 
durch Gewichtsänderungen in einem neuronalen Graphen 
die synaptischen Veränderungen werden nicht simuliert 
durch die Veränderung der Schwellwertfunktion in den Knoten des neuronalen Graphen 
durch das Hinzufügen von Knoten in einem neuronalen Graphen 
";  durch Gewichtsänderungen in einem neuronalen Graphen
[KE03:038];"
Ordnen Sie den Wellenlängen die empfundene Farbe zu:

    a)  420 nm
    b)  530 nm
    c)  570 nm
Wählen Sie eine oder mehrere Antworten:a)  grün 
a)  blau bis violett 
a)  gelb bis gelb-orange 
a)  infrarot
  
b)  grün 
b)  blau bis violett 
b)  gelb bis gelb-orange 
b)  infrarot
  
c)  grün 
c)  blau bis violett 
c)  gelb bis gelb-orange 
c)  infrarot 
";  a)  blau bis violett, b)  grün, c)  gelb bis gelb-orange
[KE03:110];"
Bewerten Sie folgende Aussage: Ist diese Aussage wahr oder falsch?
""Der sogenannte blinde Fleck in unserem Gesichtsfeld ist uns im Alltag nicht bewusst, da ein Mechanismus in unserem Gehirn die fehlende Information auffüllt.""
Wählen Sie eine Antwort:Diese Aussage ist wahr. 
Diese Aussage ist falsch. 
";  Diese Aussage ist wahr.
[KE03:045];"
Wie wird das Chiasma Opticum noch bezeichnet?
Wählen Sie eine Antwort:Sehnervbündel 
Sehnervgerade 
Sehnervvereinigung 
Sehnervkreuzung 
Sehnervkurve 
";  Sehnervkreuzung
[KE03:035];"
Für welche der folgenden Zellentypen konnte nachgewiesen werden, dass diese ein komplexeres, rezeptives Feld als die Zentrum-Umfeld-Strukturen besitzen?
Wählen Sie eine oder mehrere Antworten:einfache Zellen 
endinhibierte Zellen 
inkonvergente Zellen 
komplexe Zellen 
rezeptive Zellen 
konvergente Zellen 
";  einfache Zellen, komplexe Zellen, endinhibierte Zellen
[KE03:040];"
Bewerten Sie folgende Aussage: Ist diese Aussage wahr oder falsch?
""Eine Theorie zur Lösung des Bindungsproblems von Christoph von der Malsburg basiert auf der synchronen Oszillation der beteiligten Neuronenverbünde.""
Wählen Sie eine Antwort:Diese Aussage ist wahr. 
Diese Aussage ist falsch. 
";  Diese Aussage ist wahr.
[KE03:075];"
Welche der folgenden Zellen sind für den horizontalen Informationstransfer innerhalb der Retina verantwortlich?
Wählen Sie eine oder mehrere Antworten:Transferzellen 
Innensegmente 
Ganglienzellen 
Horizontalzellen 
Quersegmente 
Amakrinzellen 
Bipolarzellen 
Verteilerzellen 
";  Horizontalzellen, Amakrinzellen
[KE03:061];"
Wie viele Zapfen befinden sich etwa in der Retina?
Wählen Sie eine Antwort:3 Millionen 
4 Millionen 
5 Millionen 
6 Millionen 
";  6 Millionen
[KE03:082];"
Welche der folgenden Optionen beschreiben den Signalfluss von den Rezeptoren der Retina ausgehend hin zum Sehnerv?
Wählen Sie eine oder mehrere Antworten:Zapfen, Ganglienzellen, Vertikalzellen 
Stäbchen, Ganglienzellen, Vertikalzellen 
Zapfen, Bipolarzellen, Ganglienzellen 
Bipolarzellen, Ganglienzellen, Horizontalzellen 
Stäbchen, Bipolarzellen, Ganglienzellen 
";  Zapfen, Bipolarzellen, Ganglienzellen, Stäbchen, Bipolarzellen, Ganglienzellen
[KE03:108];"
Welche der folgenden Aussagen beschreiben eine einfache Zelle?
Wählen Sie eine oder mehrere Antworten:Einfache Zellen reagieren auf balkenförmige Stimuli. 
Die Anzahl der Dendriten einfacher Zellen ist verhältnismäßig stark eingeschränkt. 
Einfache Zellen reagieren auf die Ausrichtung von Stimuli im Gesichtsfeld. 
Einfache Zellen zeigen lediglich zwei unterschiedliche Aktivitätsmuster. 
Die von einfachen Zellen wahrgenommenen Stimuli rotieren mit fester Winkelgeschwindigkeit. 
";  Einfache Zellen reagieren auf balkenförmige Stimuli., Einfache Zellen reagieren auf die Ausrichtung von Stimuli im Gesichtsfeld.
[KE03:058];"
Was versteht man unter dem Begriff der Presbyopie?
Wählen Sie eine Antwort:Hornhautverkrümmung 
Grüner Star 
Altersweitsichtigkeit 
Grauer Star 
Kurzsichtigkeit 
";  Altersweitsichtigkeit
[KE03:008];"
Ein Neuron kann Signale aufnehmen und abgeben. Ordnen Sie die folgende Aufgabe dem richtigen Bestandteil des Neurons zu:

    a)  Signal aufnehmen
    b)  Signal abgeben
Wählen Sie eine oder mehrere Antworten:a)  Axon 
a)  Lamellen 
a)  Soma 
a)  Dendriten
  
b)  Axon 
b)  Lamellen 
b)  Soma 
b)  Dendriten 
";"  a)  Dendriten
 , b)  Axon"
[KE03:096];"
Wie verläuft der Weg der Information von den Rezeptoren über Bipolarzellen und Ganglienzellen?
Wählen Sie eine Antwort:Hexagonal zur Oberfläche der Retina 
Vertikal zur Oberfläche der Retina 
Diagonal zur Oberfläche der Retina 
Horizontal zur Oberfläche der Retina 
";  Vertikal zur Oberfläche der Retina
[KE03:097];"
Auf welchem Weg werden Signale weitergeleitet?
Wählen Sie eine Antwort:Ganglienzellen - Bipolarzellen - Stäbchen/Zapfen 
Ganglienzellen - Stäbchen/Zapfen - Bipolarzellen 
Bipolarzellen - Stäbchen/Zapfen - Ganglienzellen 
Stäbchen/Zapfen - Bipolarzellen - Ganglienzellen 
Stäbchen/Zapfen - Ganglienzellen - Bipolarzellen 
";  Stäbchen/Zapfen - Bipolarzellen - Ganglienzellen
[KE03:052];"
Wo findet man Sehpigmente?
Wählen Sie eine Antwort:in der Hornhaut 
in den Stäbchen und Zapfen 
in der Linse 
in der Pupille 
";  in den Stäbchen und Zapfen
[KE03:051];"
Wie lautet eine alternative Bezeichnung für die Hornhaut?
Wählen Sie eine Antwort:Retina 
Cornea 
Pupille 
Papille 
";  Cornea
[KE03:120];"
In welchem der folgenden zwei Bereiche befinden sich -- in absoluten Zahlen -- mehr Stäbchen?
Wählen Sie eine Antwort:Peripherie 
Fovea 
";  Peripherie
[KE03:067];"
Wie viele ausgehende synaptische Verbindungen kann ein Neuron zu anderen Nervenzellen bilden?
Wählen Sie eine Antwort:bis zu 10 Synapsen 
bis zu 1.000 Synapsen 
bis zu 25.000 Synapsen 
bis zu 500.000 Synapsen 
bis zu 10 Millionen Synapsen 
";  bis zu 500.000 Synapsen
[KE03:047];"
Welcher Effekt ist dafür verantwortlich, dass sich grünes Gras in der Abenddämmerung deutlicher von der Umgebung abhebt als unter vollem Tageslicht?
Wählen Sie eine Antwort:der Hobb'sche Effekt 
der Perigrim-Effekt 
der Purkinje-Effekt 
";  der Purkinje-Effekt
[KE03:007];"
Woraus bestehen Neuronen?
Wählen Sie eine oder mehrere Antworten:Soma 
Pseudopodien 
Dendriten 
Zellkörper 
Axon 
Polypen 
Langerhanssche Inseln 
";  Soma, Zellkörper, Axon, Dendriten
[KE03:112];"
Was unterscheidet eine endinhibierte Zelle von einer komplexen Zelle?
Wählen Sie eine oder mehrere Antworten:Eine endinhibierte Zelle reagiert nur, wenn ein Stimulus eine bestimmte Länge aufweist. 
Eine endinhibierte Zelle reagiert nicht auf Balken, sondern auf Ösen. 
Eine endinhibierte Zelle hat keine komplexwertigen Aktivitätsmuster. 
Eine endinhibierte Zelle reagiert auf unterbrochene Bewegungen. 
";  Eine endinhibierte Zelle reagiert nur, wenn ein Stimulus eine bestimmte Länge aufweist.
[KE03:001];"
Welche der folgenden Begriffe bezeichnen höhere kognitive Leistungen?
Wählen Sie eine oder mehrere Antworten:Transduktion 
Handlung 
Erkennen 
Ablation 
Betrachtung 
";  Handlung, Erkennen
[KE03:012];"
Welche der folgenden Aussagen beschreiben die Eigenschaften von Aktionspotentialen?
Wählen Sie eine oder mehrere Antworten:Ein Aktionspotential folgt dem Prinzip Alles-oder-Nichts. 
Die Frequenz der ausgelösten Aktionspotentiale entspricht der Stärke des Stimulus 
Repetronen gleichen die stark verlustbehaftete Signalleitung entlang des Axons aus. 
Der Axonhügel empfängt die Aktionspotentiale. 
";  Ein Aktionspotential folgt dem Prinzip Alles-oder-Nichts., Die Frequenz der ausgelösten Aktionspotentiale entspricht der Stärke des Stimulus
[KE03:111];"
Welche der folgenden Aussagen beschreiben eine komplexe Zelle?
Wählen Sie eine oder mehrere Antworten:Komplexe Zellen reagieren auf die Bewegungsrichtung. 
Die Anzahl der Dendriten komplexer Zellen ist unverhältnismäßig hoch. 
Komplexe Zellen reagieren auf balkenförmige Stimuli. 
Komplexe Zellen zeigen komplexwertige Aktivitätsmuster. 
Komplexe Zellen reagieren auf Bewegung. 
Komplexe Zellen sind aus einfachen Zellen zusammengesetzt. 
";  Komplexe Zellen reagieren auf Bewegung., Komplexe Zellen reagieren auf die Bewegungsrichtung., Komplexe Zellen reagieren auf balkenförmige Stimuli.
[KE03:088];"
Wodurch ist ein Neuron von seiner Umgebung getrennt?
Wählen Sie eine Antwort:Molekülgitter 
Ionenschranke 
Transmitterbarriere 
Neuromodulator 
Membran 
";  Membran
[KE03:125];"
Bewerten Sie folgende Aussage: Ist diese Aussage wahr oder falsch?
""Eine bestechende Eigenschaft des visuellen Kortex V1 ist seine geometrisch exakte Aufteilung in unterschiedliche Säulen.""
Wählen Sie eine Antwort:Diese Aussage ist wahr. 
Diese Aussage ist falsch. 
";  Diese Aussage ist falsch.
[KE03:057];"
In welcher Entfernung befindet sich der Nahpunkt in einem Alter von 20 Jahren?
Wählen Sie eine Antwort:in etwa 10cm 
in etwa 15cm 
in etwa 20cm 
in etwa 25cm 
";  in etwa 10cm
[KE03:077];"
Nach wem wurden die Streifen benannt, die durch die Verstärkung der Kontraste zwischen unterschiedlich hellen Flächen in unserer Wahrnehmung auftreten?
Wählen Sie eine Antwort:E. Bruce Goldstein 
Ernst Mach 
Christoph Scheiner 
Donald O. Hebb 
Karl Zeiss 
Ludimar Hermann 
";  Ernst Mach
[KE03:104];"
Wie wird das Phänomen genannt, dass Nervenzellen auch ohne eine externe Stimulation ab und zu Aktionspotentiale generieren?
Wählen Sie eine Antwort:Spontanaktivität 
sporadische Aktivität 
periodische Aktivität 
Turnusaktivität 
Zerfallsaktivität 
Zufallsaktivität 
ungeplante Aktivität 
reziproke Aktivität 
";  Spontanaktivität
[KE03:030b];"
Ordnen Sie den Buchstaben D bis F aus folgender Abbildung die korrekten Begriffe zu:


Wählen Sie eine oder mehrere Antworten:D  Fovea 
D  Retina 
D  Sehnerv 
D  Cornea
  
E  Fovea 
E  Retina 
E  Sehnerv 
E Cornea
  
F  Fovea 
F  Retina 
F  Sehnerv 
F  Cornea 
";  D  Retina, E  Sehnerv, F  Fovea
[KE03:046];"
Bewerten Sie folgende Aussage: Ist diese Aussage wahr oder falsch?
""Im Bereich des schärfsten Sehens auf der Netzhaut befinden sich nur Stäbchen.""
Wählen Sie eine Antwort:Diese Aussage ist wahr. 
Diese Aussage ist falsch. 
";  Diese Aussage ist falsch.
[KE03:091];"
Wodurch kommt das Membranpotential zustande?
Wählen Sie eine Antwort:Das Membranpotential entsteht wie bei einem Zitteraal. Auch im Gehirn gibt es spezialisierte Zellen, sogenannte Elektrozyten, die für die Stromerzeugung zuständig sind. 
Die Membran einer Nervenzelle hat eine ähnliche Gitterstruktur wie leitende Metalle, die einen freien Elektronenfluß ermöglicht. Gegenüberliegende Membranseiten wirken hierbei wie Kondensatorplatten und sind für das Membranpotential verantwortlich. 
Das Membranpotential entsteht wie bei einer Batterie durch eine saure Umgebung, die dem Neuron positive Ionen entzieht. 
Das Membranpotential entsteht durch unterschiedliche Konzentrationen geladener Teilchen innerhalb und außerhalb der Nervenzelle. 
";  Das Membranpotential entsteht durch unterschiedliche Konzentrationen geladener Teilchen innerhalb und außerhalb der Nervenzelle.
[KE03:098];"
Was passiert, kurz nachdem das Schwellenpotential am Axonhügel einer Nervenzelle überschritten wird?
Wählen Sie eine Antwort:Der Axonhügel schwillt an und erzeugt damit eine Druckwelle im Axon (pneuronale Transduktion). 
Das Neuron wird repolarisiert. 
Es wird ein Aktionspotential ausgelöst. 
Es passiert nichts. 
";  Es wird ein Aktionspotential ausgelöst.
[KE03:084];"
Welche Aussagen treffen auf Rezeptorzellen zu?
Wählen Sie eine oder mehrere Antworten:Rezeptorzellen können besonders viele eingehende Verbindungen mit anderen Nervenzellen aufbauen. 
Es gibt nur 2 Arten von Rezeptorzellen: Stäbchen und Zapfen. 
Rezeptorzellen sind die zentralen Zellen bei der konvergenten Verschaltung von Nervenzellen. 
Rezeptorzellen sind eine Spezialform von Nervenzellen. 
Rezeptorzellen nehmen externe Reize auf. 
";  Rezeptorzellen sind eine Spezialform von Nervenzellen., Rezeptorzellen nehmen externe Reize auf.
[KE03:022];"
Wie werden sendende Neuronen genannt?
Wählen Sie eine Antwort:transsynaptische Neuronen 
präsynaptische Neuronen 
subsynaptische Neuronen 
postsynaptische Neuronen 
intersynaptische Neuronen 
persynaptische Neuronen 
";  präsynaptische Neuronen
[KE03:050];"
Was sind die sogenannten Stäbchen und Zapfen?
Wählen Sie eine Antwort:lichtempfindliche Rezeptoren 
besondere Arten von Synapsen 
Teile der Hornhaut 
";  lichtempfindliche Rezeptoren
[KE03:030a];"
Ordnen Sie den Buchstaben A bis C aus folgender Abbildung die korrekten Begriffe zu:


Wählen Sie eine oder mehrere Antworten:A  Fovea 
A  Linse 
A  Pupille 
A  Hornhaut (Cornea)
  
B  Fovea 
B  Linse 
B  Pupille 
B  Hornhaut (Cornea)
  
C  Fovea 
C  Linse 
C  Pupille 
C  Hornhaut (Cornea) 
";"  A  Pupille, B  Hornhaut (Cornea)
 , C  Linse"
[KE03:062];"
Wie verläuft die Sehbahn?
Wählen Sie eine Antwort:Von der Retina zum Gehirn 
Vom Objekt zur Linse 
Eine Sehbahn existiert nicht. 
Von der Linse zur Retina 
";  Von der Retina zum Gehirn
[KE03:126];"
Um was für eine Methode handelt es sich bei der Bestimmung der Wahrnehmungsschwellen im Kontext der Messung der spektralen Empfindlichkeit der Zapfen?
Wählen Sie eine Antwort:psychophysische Methode 
keine der genannten Methoden 
physiophysische Methode 
psychotische Methode 
psychophysikalische Methode 
";  psychophysische Methode
[KE03:101];"
Im folgenden Bild umfasse der gestrichelte Kreis ein rezeptives Feld. Der gelbe Punkt sei ein heller Lichtreiz im Zentrum des rezeptiven Feldes. Welche Art von Nervenzelle reagiert auf einen solchen Reiz mit verminderter Aktivität?

Wählen Sie eine Antwort:On-Zentrum-Off-Umfeld-Zelle 
Off-Zentrum-On-Umfeld-Zelle 
";  Off-Zentrum-On-Umfeld-Zelle
[KE03:027];"
Bewerten Sie folgende Aussage: Ist diese Aussage wahr oder falsch?
""Die Rezeptoren am synaptischen Spalt funktionieren nach dem sogenannten Hammer-Amboss-Prinzip.""
Wählen Sie eine Antwort:Diese Aussage ist wahr. 
Diese Aussage ist falsch. 
";  Diese Aussage ist falsch.
[KE03:115];"
Warum können wir Objekte, die zu nah an unseren Augen sind, nicht mehr scharf sehen?
Wählen Sie eine oder mehrere Antworten:Die Pupille des Auges kann sich nicht ausreichend verengen. 
Die Linse des Auges kann nicht ausreichend verformt werden. 
Die Sakkaden des Auges werden zu groß. 
Die Hornhaut des Auges kann nicht ausreichend verformt werden. 
";  Die Linse des Auges kann nicht ausreichend verformt werden.
[KE03:078];"
Welche Konsequenzen ergeben sich aus der größeren Konvergenz bei Stäbchen als bei Zapfen?
Wählen Sie eine oder mehrere Antworten:Stäbchen ermöglichen eine bessere Detailwahrnehmung. 
Stäbchen haben einen höheren Ganglienverbrauch pro Zeiteinheit. 
Stäbchen dienen der Farbwahrnehmung. 
Zapfen haben einen höheren Ganglienverbrauch pro Zeiteinheit. 
Zapfen ermöglichen eine bessere Detailwahrnehmung. 
Zapfen besitzen eine höhere Lichtempfindlichkeit. 
Stäbchen besitzen eine höhere Lichtempfindlichkeit. 
";  Stäbchen besitzen eine höhere Lichtempfindlichkeit., Zapfen ermöglichen eine bessere Detailwahrnehmung.
[KE03:102];"
Das folgende Bild zeigt auf der linken Seite einen Bildschirm. Ein Teilbereich dessen, bestehend aus B und C, wird auf das rezeptive Feld eines Neurons abgebildet. Nun kann dieser Bildschirm an beliebiger Stelle leuchten. Zum Zeitpunkt S fange er damit an und zum Zeitpunkt T höre er damit auf.


Ordnen Sie nun folgenden Ereignissen eine Aktivitätscharakteristik (X-Z) zu:

    a)  Ein Leuchtpunkt erscheint im Bereich A des Bildschirms.
    b)  Ein Leuchtpunkt erscheint im Bereich B des Bildschirms.
    c)  Ein Leuchtpunkt erscheint im Bereich C des Bildschirms.
Wählen Sie eine oder mehrere Antworten:a)  X 
a)  Y 
a)  Z
  
b)  X 
b)  Y 
b)  Z
  
c)  X 
c)  Y 
c)  Z 
";"  a)  Z
 , b)  X, c)  Y"
[KE03:013c];"
Am synaptischen Spalt findet eine Signalübertragung zwischen Neuronen statt. Dies ist in folgender Abbildung schematisch dargestellt:


Wie bezeichnet man das Objekt, das in der Abbildung mit C gekennzeichnet ist?
Wählen Sie eine Antwort:postsynaptisches Neuron 
Neurotransmittermolekül 
Elektron des Aktionspotentials 
Axon des präsynaptischen Neurons 
Synaptisches Vesikel 
";  Synaptisches Vesikel
[KE03:021];"
Welcher Wert wurde früher in der Regel für das Schwellenpotential angegeben?
Wählen Sie eine Antwort:-40 mV 
-50 mV 
-60 mV 
-70 mV 
-80 mV 
";  -50 mV
[KE03:068];"
Die Verarbeitung unterschiedlicher Stimuli eines Objektes (z.B. Farbe, Form, Bewegung etc.) findet im Gehirn in verschiedenen Modulen statt. 
Wie wird die Problematik genannt, die Aktivität dieser verschiedenen Module zu verbinden und ein und demselben Objekt zuzuordnen?
Wählen Sie eine Antwort:Vereinigungsproblem 
Konvergenzproblem 
Fusionsproblem 
Bindungsproblem 
Kollektivproblem 
";  Bindungsproblem
[KE03:146];"
Bewerten Sie folgende Aussage: Ist diese wahr oder falsch?
""Die menschliche Wahrnehmung ist ein geschlossener, in sich rückgekoppelter Prozess in dem Sinne, dass Sie durch eine Handlung Ihre Umwelt verändern, dadurch andere Stimuli erzeugt, verarbeitet und wahrgenommen werden, was schließlich wiederum in einer bestimmten Handlung Ihrerseits resultiert.""
Wählen Sie eine Antwort:Diese Aussage ist wahr. 
Diese Aussage ist falsch. 
";  Diese Aussage ist wahr.
[KE03:100];"
Bewerten Sie folgende Aussage: Ist diese Aussage wahr oder falsch?
""Unter neuronaler Plastizität versteht man ganz allgemein die Eigenschaft unseres Nervensystems und insbesondere unseres Gehirns, sich an neue Anforderungen der Umwelt anzupassen, und je nach Bedarf neue Verbindungen zwischen Neuronen und Neuronengruppen zu bilden oder bestehende Verbindungen wieder zu lösen oder die Qualität von Verbindungen, etwa ihre Stärke, zu verändern.""
Wählen Sie eine Antwort:Diese Aussage ist wahr. 
Diese Aussage ist falsch. 
";  Diese Aussage ist wahr.
[KE03:065];"
Was ist ein üblicher Wert für die Anzahl der eingehenden synaptischen Verbindungen eines Neurons?
Wählen Sie eine Antwort:weniger als 100 Synapsen 
10.000 bis 20.000 Synapsen 
etwa 250.000 Synapsen 
1,0 bis 1,5 Millionen Synapsen 
";  10.000 bis 20.000 Synapsen
[KE03:117];"
Ein überproportional großer Anteil der Neurone in V1 ist der Verarbeitung von Signalen der Fovea gewidmet. Dies liegt neben der hohen Ganglienzellendichte der Fovea auch an der Tatsache, dass Signalen aus der Fovea - im Vergleich zu Signalen aus der Netzhautperipherie - zusätzlicher Raum im Kortex zugewiesen wird.
Um welchen Faktor ist die Anzahl der Verbindungen einer Ganglienzelle der Fovea zum Kortex größer als die Anzahl der Verbindungen einer Ganglienzelle der Netzhautperipherie?
Wählen Sie eine Antwort:3 bis 6 
30 bis 60 
300 bis 600 
3000 bis 6000 
";  3 bis 6
[KE03:094];"
Füllen Sie mithilfe der unten aufgeführten Lösungsvorschläge die Lücken in folgendem Text:

Das  Feld eines Neurons im visuellen System ist dasjenige Areal der , das eine Reaktion, sei sie exzitatorischer oder  Art, in dem Neuron auszulösen vermag.
 Wählen Sie eine oder mehrere Antworten: transkriptive  
 perzeptive  
 rezeptive
   
 Fovea  
 Patina  
 Retina  
 Cornea
   
 inhibitorischer  
 perzeptiver  
 prohibitorischer  
 repressiver  
";"   rezeptive
 ,  Retina,  inhibitorischer"
[KE03:071];"
Wie wird die elementare Einheit unseres Nervensystems bezeichnet?
Wählen Sie eine oder mehrere Antworten:Neuromat 
Neurotom 
Nervotron 
Neurino 
Nervolyt 
Neuron 
Nervenzelle 
Neuropotential 
";  Nervenzelle, Neuron
[KE03:029];"
Welcher Neuronentyp reagiert am stärksten auf bewegte Lichtbalken spezifischer Orientierung und Bewegungsrichtung, die eine spezifische Länge besitzen?
Wählen Sie eine Antwort:Ganglienzelle, Retina 
endinhibierte Zelle, Kortex 
Ganglienzelle, CGL 
einfache Zelle, Kortex 
komplexe Zelle, Kortex 
";  endinhibierte Zelle, Kortex
[KE03:089];"
Welcher Effekt ist in der folgenden Zeichnung illustriert?

Wählen Sie eine oder mehrere Antworten:Mach'sche Streifen durch laterale Inhibition 
Mach'sche Streifen durch temporale Inhibition 
Mach'sche Streifen durch spatiale Prohibition 
Mach'sche Streifen durch unimodale Reflektion 
Mach'sche Streifen durch Ernst'sche Stimulation 
Mach'sche Streifen durch laterale Prohibition 
";  Mach'sche Streifen durch laterale Inhibition
[KE03:018];"
Welche Methoden stehen im Vordergrund bei der Wahrnehmungsforschung?
Wählen Sie eine oder mehrere Antworten:psychophysische Methode 
neuronale Methode 
psychochemische Methode 
linguistische Methode 
limbische Methode 
physiologische Methode 
";  psychophysische Methode, physiologische Methode
[KE03:020];"
Bei der Wahrnehmung von Objekten sind große Teile des Gehirns aktiviert. Unabhängig von der Verschiedenheit der betrachteten Objekte sind die aktiven Bereiche im Gehirn hierbei größtenteils identisch.
Wie ist in diesem Kontext die Vorstellung spezialisierter Module im Gehirn einzuordnen?
Wählen Sie eine Antwort:Die ""Spezialisierung"" der Module ist äußerst fein, die Wahrnehmung jedoch nur vergleichsweise ""grob"". Dies führt dazu, dass sehr viele verschiedene Module aktiv werden. 
Die Module sind als Aktivitätsschwerpunkt zu verstehen. Die o.g. Wahrnehmung resultiert dann in einer großflächigen Gehirnaktivität. 
Die spezialisierten Module sind zu grob als dass sie die Wahrnehmung beeinflussen könnten. 
Die im Gehirn gemesse Aktivität hängt nicht mit den spezialisierten Modulen zusammen. Daher sind die o.g. Bereiche größtenteils identisch. 
";  Die Module sind als Aktivitätsschwerpunkt zu verstehen. Die o.g. Wahrnehmung resultiert dann in einer großflächigen Gehirnaktivität.
[KE03:055];"
Was verbirgt sich hinter der Abkürzung CGL?
Wählen Sie eine Antwort:Collculus Genius Lapidare 
Corpus Genius Laterale 
Collculus Geniculatum Lapidare 
Corpus Geniculatum Laterale 
";  Corpus Geniculatum Laterale
[KE03:009];"
Wie lautet eine andere Bezeichnung für V5, deren Abkürzung MT ist?
Wählen Sie eine Antwort:makularer terminaler Kortex 
modularer typischer Kortex 
mentaler transferierter Kortex 
medialer temporaler Kortex 
";  medialer temporaler Kortex
[KE03:080];"
Wofür steht die Abkürzung fMRT?
Wählen Sie eine Antwort:funktionale magnetoresistive Tomographie 
freie Magnetresonanztomographie 
finale Mehrkernrefrakturtomographie 
funktionelle Magnetresonanztomographie 
ferromagnetische Raumtopographie 
";  funktionelle Magnetresonanztomographie
[KE03:132];"
Was ist die Großmutterzelle?
Wählen Sie eine Antwort:Die Stammzelle aller Neuronen. 
Ein Neuron das Kuchen und warme Milch mit Honig wahrnimmt. 
Das zentrale Neuron eines rezeptiven Feldes. 
Ein hypothetisches Neuron, das die Wahrnehmung der eigenen Großmutter repräsentiert. 
Ein Neuron mit verminderter Reproduktionsfähigkeit. 
";  Ein hypothetisches Neuron, das die Wahrnehmung der eigenen Großmutter repräsentiert.
[KE03:143];"
Im Gehirn sind die einzelnen Neuronen durch Nervenfasern miteinander verbunden, entlang derer Informationen durch elektrische Impulse weitergeleitet werden. Wie bezeichnet man diese Impulse?
Wählen Sie eine oder mehrere Antworten:Refraktärmomente 
Aktionspotentiale 
Synapsenpotentiale 
Repolarisationen 
Membranpotentiale 
Deolarisationen 
";  Aktionspotentiale
[KE03:073];"
Welche Aussage trifft auf Dendriten zu?
Wählen Sie eine oder mehrere Antworten:Dendriten sind Verzweigungen aus dem Zellkörper einer Nervenzelle heraus. 
Dendriten stellen eine Verbindung zu anderen Nervenzellen her, um Information an diese abzugeben. 
Dendriten nehmen (indirekt) die elektrischen Signale anderer Nervenzellen auf. 
Dendriten sind ein Zellgeflecht und dienen als Stützstruktur für Nervenzellen. 
Dendriten können mittels der Dendrochronologie in ihrem Zeitverhalten vermessen werden. 
";  Dendriten sind Verzweigungen aus dem Zellkörper einer Nervenzelle heraus., Dendriten nehmen (indirekt) die elektrischen Signale anderer Nervenzellen auf.
[KE03:013b];"
Am synaptischen Spalt findet eine Signalübertragung zwischen Neuronen statt. Dies ist in folgender Abbildung schematisch dargestellt:


Wie bezeichnet man das Objekt, das in der Abbildung mit B gekennzeichnet ist?
Wählen Sie eine Antwort:Synaptisches Vesikel 
Axon des präsynaptischen Neurons 
Neurotransmittermolekül 
postsynaptisches Neuron 
Elektron des Aktionspotentials 
";  postsynaptisches Neuron
[KE03:037];"
Das Auge ändert sich im Laufe eines Lebens und dies sollte bei der Gestaltung von Nutzungsschnittstellen berücksichtigt werden.
Welche der folgenden Eigenschaften des Auges sind dabei zu beachten?
Wählen Sie eine oder mehrere Antworten:Der sogenannte Nahpunkt ändert sich mit dem Alter. 
Das Auge älterer Menschen kann nahe Objekte schlechter fokussieren. 
Das Verhältnis der Krümmungsradien von Hornhaut und Fovea ändert sich mit dem Alter. 
Der sogenannte blinde Fleck vergrößert sich mit dem Alter. 
Der Nahpunkt fällt erst während der Pubertät mit der Linse zusammen. 
";  Der sogenannte Nahpunkt ändert sich mit dem Alter., Das Auge älterer Menschen kann nahe Objekte schlechter fokussieren.
[KE03:145];"
Bewerten Sie folgende Aussage: Ist diese wahr oder falsch?
""Die menschliche Wahrnehmung ist ein komplexer, mehrstufiger Prozess, wobei die verschiedenen Stufen aufeinander aufbauen, von äußeren sowie internen Verabeitungsprozessen abhängen, von kognitiven Leistungen (Erfahrungen/ Wissen) abhängen und sich schließlich noch durch bestimmte Beziehungen untereinander beeinflussen.""
Wählen Sie eine Antwort:Diese Aussage ist wahr. 
Diese Aussage ist falsch. 
";  Diese Aussage ist wahr.
[KE03:036];"
Was ist Akkomodation?
Wählen Sie eine oder mehrere Antworten:Das Scharfstellen einer Abbildung auf der Retina 
Eine stakkatohafte Modation 
Eine Anpassung der Linsenform 
Das Anpassen der Hornhaut an die Lichtverhältnisse 
Das Verringern des Durchmessers der Iris 
";  Eine Anpassung der Linsenform, Das Scharfstellen einer Abbildung auf der Retina
[KE03:005];"
Folgendes Experiment werde durchgeführt: Ein Proband wird gebeten zu berichten, welcher Reiz ihm präsentiert wird, während gleichzeitig seine Gehirnaktivität gemessen wird.
Welche Fragestellung kann mit diesem Experiment untersucht werden?
Wählen Sie eine Antwort:Der Zusammenhang zwischen einem präsentierten Stimulus und den dadurch ausgelösesten, neuronalen Abläufen 
Der Zusammenhang zwischen der Ionogenese in den Rezeptoren und den verfügbaren Stimuli 
Der Zusammenhang zwischen beachteten Stimuli unterschiedlicher Modalitäten 
Der Zusammenhang zwischen einem präsentierten Stimulus und der empfundenen Wahrnehmung 
Der Zusammenhang zwischen neuronalen Prozessen und der dadurch ausgelösten, empfundenen Wahrnehmung 
";  Der Zusammenhang zwischen neuronalen Prozessen und der dadurch ausgelösten, empfundenen Wahrnehmung
[KE03:124];"
In der Organisationsstruktur des visuellen Kortex kann man sogenannte okulare Dominanzsäulen ausmachen. Was versteht man darunter?
Wählen Sie eine oder mehrere Antworten:Okulare Dominanzsäulen sind die übergeordnete Organisationseinheit des visuellen Kortex. 
In einer okularen Dominanzsäule dominieren die Signale entweder des linken oder des rechten Auges. 
Die okularen Dominanzsäulen sorgen für die unwillkürlichen, geringfügigen Augenbewegungen (Sakkaden). 
Die okularen Dominanzsäulen sind für den Effekt verantwortlich, dass das Auge plötzliche Reize am bewussten Entscheidungsprozess vorbei wahrnimmt. 
";  In einer okularen Dominanzsäule dominieren die Signale entweder des linken oder des rechten Auges.
[KE03:056];"
In welcher Entfernung befindet sich der Nahpunkt mit einem Alter von 30 Jahren?
Wählen Sie eine Antwort:in etwa 8cm 
in etwa 14cm 
in etwa 20cm 
in etwa 26cm 
";  in etwa 14cm
[KE03:103];"
Was wird als Axonhügel bezeichnet?
Wählen Sie eine Antwort:Der Axonhügel ist eine spezielle Region im Gehirn an der sich die Nervenfasern bündeln, die weiter ins Rückenmark führen. 
Der Axonhügel ist der Endpunkt eines Axons, der sich mit dem Dendrit eines anderen Neurons verbindet. 
Der Axonhügel ist eine Verdickung an der Stelle, an der das Axon aus dem Soma tritt. 
Der Axonhügel ist das Gegenstück zum Axoffhügel am anderen Ende einer Nervenfaser. Hierdurch wird eine bidirektionale Kommunikation möglich. 
Der Axonhügel ist eine physische Sperre, die ein Auslaufen der Zellflüssigkeit aus dem Kern des Neurons verhindert. 
";  Der Axonhügel ist eine Verdickung an der Stelle, an der das Axon aus dem Soma tritt.
[KE03:013a];"
Am synaptischen Spalt findet eine Signalübertragung zwischen Neuronen statt. Dies ist in folgender Abbildung schematisch dargestellt:


Wie bezeichnet man das Objekt, das in der Abbildung mit A gekennzeichnet ist?
Wählen Sie eine Antwort:Elektron des Aktionspotentials 
postsynaptisches Neuron 
Axon des präsynaptischen Neurons 
Synaptisches Vesikel 
Neurotransmittermolekül 
";  Neurotransmittermolekül
[KE03:119];"
Wo befinden sich -- in absoluten Zahlen -- mehr Zapfen?
Hinweis: Es geht hier rein um die Zapfen und nicht um einen Vergleich zu den Stäbchen.
Wählen Sie eine Antwort:Fovea 
Peripherie 
";  Peripherie
[KE03:025];"
Welche Ionen beeinflussen im Wesentlichen das Membranpotential einer Nervenzelle?
Wählen Sie eine oder mehrere Antworten:Magnesiumionen 
Natriumionen 
Kaliumionen 
Ammoniumionen 
Fluorionen 
";  Natriumionen, Kaliumionen
[KE03:142];"
Füllen Sie mithilfe der unten aufgeführten Lösungsvorschläge die Lücken in folgendem Text:

Das Hebb'sche  besagt folgendes:Wenn ein Axon von Neuron 1 nahe genug an einem Neuron 2 liegt, sodass Zelle 2  von Neuron 1 erregt wird, so wird die Effizienz von Neuron 1 für die Erregung von Neuron 2 durch einen Wachstumsprozess oder eine Stoffwechseländerung  erhöht.
 Wählen Sie eine oder mehrere Antworten: Gehirnmodell  
 Lernprinzip  
 Neuronenmodell  
 Konditionierungsprinzip
   
 selten, aber intensiv  
 niemals  
 erstmalig  
 wiederholt oder anhaltend
   
 in Neuron 1  
 in Neuron 2  
 in Neuron 1 und/oder 2  
";"   Lernprinzip,  wiederholt oder anhaltend
 ,  in Neuron 1 und/oder 2"
[KE03:053];"
Wieviel Prozent der Brechkraft entfallen auf die Hornhaut?
Wählen Sie eine Antwort:40% 
50% 
60% 
70% 
80% 
";  80%
[KE03:140];"
Welches Prinzip liegt der Forschungsinitiative des Organic Computing zugrunde?
Wählen Sie eine Antwort:Das Prinzip der Reorganisation 
Das Prinzip der Neuorganisation 
Das Prinzip der Selbstorganisation 
Das Prinzip der Suborganisation 
Das Prinzip der Überorganisation 
";  Das Prinzip der Selbstorganisation
[KE03:074];"
Bewerten Sie folgende Aussage: Ist diese Aussage wahr oder falsch?
""In einem 1981 durchgeführten und mit dem Nobelpreis für Medizin prämierten Experiment konnten Forscher beweisen, dass es im primären visuellen Kortex keinen Zellentypus gibt, der ein komplexeres rezeptives Feld besitzt als die Zentrum-Umfeld-Strukturen.""
Wählen Sie eine Antwort:Diese Aussage ist wahr. 
Diese Aussage ist falsch. 
";  Diese Aussage ist falsch.
[KE03:015];"
Wie wird die Kodierung komplexer Formen in unserer Umwelt durch die Aktivität einer Gruppe von Neuronen bezeichnet?
Wählen Sie eine oder mehrere Antworten:Proporzkodierung 
Ensemblekodierung 
Multikodierung 
koordinierte Repräsentation 
Populationskodierung 
konvergente Repräsentation 
Flächenkodierung 
verteilte Repräsentation 
";  Ensemblekodierung, verteilte Repräsentation, Populationskodierung
[KE03:106];"
Welches Teilgebiet der Informatik widmet sich der Übertragung von Verarbeitungsprinzipien des Gehirns auf die Informationsverarbeitung in technischen Systemen?
Wählen Sie eine Antwort:Angewandte Informatik 
Technische Informatik 
Theoretische Informatik 
Neuroinformatik 
Wirtschaftsinformatik 
";  Neuroinformatik
[KE03:023];"
Welche Neurotransmitter lassen sich unterscheiden?
Wählen Sie eine oder mehrere Antworten:perzitatorische Transmitter 
exhibitorische Transmitter 
inzitatorische Transmitter 
perhibitorische Transmitter 
exzitatorische Transmitter 
inhibitorische Transmitter 
";  exzitatorische Transmitter, inhibitorische Transmitter
[KE03:042];"
Bewerten Sie folgende Aussage: Ist diese Aussage wahr oder falsch?
""Eine Theorie zur Lösung des Bindungsproblems von Christoph von der Malsburg basiert auf der asynchronen Oszillation der beteiligten Neuronenverbünde.""
Wählen Sie eine Antwort:Diese Aussage ist wahr. 
Diese Aussage ist falsch. 
";  Diese Aussage ist falsch.
[KE03:072];"
Welche Region einer Nervenzelle enthält die genetische Information?
Wählen Sie eine oder mehrere Antworten:Dendriten 
Synapsen 
Zellkörper 
Axon 
";  Zellkörper
[KE03:059];"
Was ist beim Menschen lediglich für das monochromatische Sehen zuständig?
Wählen Sie eine Antwort:Stangen 
Tännchen 
Zapfen 
Stäbchen 
";  Stäbchen
[KE03:083];"
Was ist laterale Inhibition?
Wählen Sie eine oder mehrere Antworten:Die Rückbildung kortikaler Synapsen 
Die Reduktion der Signalstärke benachbarter Neuronen 
Die Rückbildung kortikaler Milchdrüsen 
Die Reduktion der Nährstoffaufnahme benachbarter Neuronen 
Eine Schläfenfraktur 
";  Die Reduktion der Signalstärke benachbarter Neuronen
[KE03:041];"
In welche Beziehung stehen Cornea und Fovea?
Wählen Sie eine oder mehrere Antworten:Während die Fovea der Bereich des schärfsten Sehens ist, bezeichnet die Cornea den Bereich des peripheren Sehens. 
Die Cornea fokussiert (zusammen mit der Linse) das Licht auf die Fovea. 
Die Fovea kompensiert den blinden Fleck der Linse. 
Die Fovea reflektiert das Licht über die Cornea nach außen. Dieses Licht wirft den sogenannten Lidschatten. 
Die Cornea filtert Licht bestimmter Wellenlänge und ermöglich so das Farbsehen. 
";  Die Cornea fokussiert (zusammen mit der Linse) das Licht auf die Fovea.
[KE03:121];"
Zu den erwünschten Eigenschaften von IT-Systemen, die die Prinzipien des Organic Computing umsetzen, zählen u.a. die sogenannten ""Selbst-x-Eigenschaften"". Was sind Beispiele für derartige Eigenschaften?
Wählen Sie eine oder mehrere Antworten:selbst-lernend 
selbst-ständig 
selbst-optimierend 
selbst-erklärend 
selbst-konfigurierend 
selbst-los 
selbst-entsorgend 
selbst-versorgend 
";  selbst-konfigurierend, selbst-optimierend, selbst-lernend, selbst-erklärend
[KE03:114];"
Bewerten Sie folgende Aussage: Ist diese Aussage wahr oder falsch?
""Die Leistung der Akkomodation ist theoretisch unbegrenzt.""
Wählen Sie eine Antwort:Diese Aussage ist wahr. 
Diese Aussage ist falsch. 
";  Diese Aussage ist falsch.
[KE03:039];"
Welche der folgenden Aussagen bzgl. der Stäbchen und Zapfen sind korrekt?
Wählen Sie eine oder mehrere Antworten:Es gibt drei Arten von Zapfen 
Pigmente in den Zapfen sorgen für die Farbwahrnehmung 
Es gibt drei Arten von Stäbchen 
Pigmente in den Stäbchen sorgen für die Farbwahrnehmung 
Zapfen sind weniger lichtempfindlich als Stäbchen 
Stäbchen sind weniger lichtempfindlich als Zapfen 
";  Zapfen sind weniger lichtempfindlich als Stäbchen, Es gibt drei Arten von Zapfen, Pigmente in den Zapfen sorgen für die Farbwahrnehmung
[KE03:026];"
Was ändert sich in einem Neuron mit der Stärke der Stimulation?
Wählen Sie eine Antwort:Die Dauer des Aktionspotentials 
Die Frequenz der Feuerungsrate 
Die Spannung des Aktionspotentials 
Die Stärke des Aktionspotentials 
Die Länge des Aktionspotentials 
";  Die Frequenz der Feuerungsrate
[KE03:048];"
Bewerten Sie folgende Aussage: Ist diese Aussage wahr oder falsch?
""Die menschlichen Sinne erzeugen eine objektive Wahrnehmung der Umwelt.""
Wählen Sie eine Antwort:Diese Aussage ist wahr. 
Diese Aussage ist falsch. 
";  Diese Aussage ist falsch.
[KE03:013d];"
Am synaptischen Spalt findet eine Signalübertragung zwischen Neuronen statt. Dies ist in folgender Abbildung schematisch dargestellt:


Wie bezeichnet man das Objekt, das in der Abbildung mit D gekennzeichnet ist?
Wählen Sie eine Antwort:Neurotransmittermolekül 
Synaptisches Vesikel 
Elektron des Aktionspotentials 
postsynaptisches Neuron 
Axon des präsynaptischen Neurons 
";  Axon des präsynaptischen Neurons
[KE03:017];"
Welche der folgenden Ereignisse bewirkt Synapsenvergrößerung?
Wählen Sie eine oder mehrere Antworten:Schmerzen 
mit Emotionen gekoppelte Reize 
mit angeborenen Auslösern gekoppelte Reize 
Nachrichten im Allgemeinen 
Tierbilder an sich 
";  Schmerzen, mit Emotionen gekoppelte Reize, mit angeborenen Auslösern gekoppelte Reize
[KE03:128];"
Füllen Sie mithilfe der unten aufgeführten Lösungsvorschläge die Lücken in folgendem Text:

Die  der Retina wird in Form einer  Karte auf den visuellen Kortex abgebildet, sodass benachbarte Punkte auf der Kortexoberfläche mit  Punkten auf der Retina korrespondieren.
 Wählen Sie eine oder mehrere Antworten: Seitenfläche  
 Oberfläche  
 Ventralfläche  
 Dorsalfläche
   
 kortikopten  
 phänotypischen  
 genotypischen  
 retinotopen
   
 benachbarten  
 gegenüberliegenden  
 verschränkten  
 antagonistischen  
";"   Oberfläche,  retinotopen
 ,  benachbarten"
[KE03:066];"
Bewerten Sie folgende Aussage: Ist diese Aussage wahr oder falsch?
""Synapsen sind statische und unveränderliche Verbindungen zwischen Neuronen.""
Wählen Sie eine Antwort:Diese Aussage ist wahr. 
Diese Aussage ist falsch. 
";  Diese Aussage ist falsch.
[KE03:105];"
Wie lange dauert in etwa ein Aktionspotential? (ausgehend vom Ruhemembranpotential wieder zurück zum Ruhemembranpotential)
Wählen Sie eine Antwort:1 Nanosekunde 
1 Mikrosekunde 
1 Millisekunde 
0,1 Sekunden 
";  1 Millisekunde
[KE03:092];"
Welche der folgenden Effekte können zumindest teilweise durch neuronale Inhibition erklärt werden?
Wählen Sie eine oder mehrere Antworten:Schwindel 
Fehlsichtigkeit 
Mach'sche Streifen 
Hypnose 
Simultankontrast 
Schärfen optischer Kanten 
Sättigungskontrast 
";  Mach'sche Streifen, Simultankontrast, Schärfen optischer Kanten
[KE03:024];"
In welcher Einheit wird das Membranpotential eines Axons gemessen?
Wählen Sie eine Antwort:Volt 
Ampere 
Joule 
Watt 
Sievert 
";  Volt
[KE03:004];"
Wie heißen die Hauptinformationsströme eines visuellen Systems?
Wählen Sie eine oder mehrere Antworten:inbibierter Strom 
exzitatorischer Strom 
ventraler Strom 
averser Strom 
dorsaler Strom 
aktivierter Strom 
";  dorsaler Strom, ventraler Strom
